{
	"credit": "Made with Blockbench",
	"parent": "builtin/generated",
	"textures": {
		"layer0": "recrystallizedwing:items/burnt_wing"
	},
	"display": {
		"thirdperson_righthand": {
			"rotation": [-159.34, 9.35, 161.46],
			"translation": [-2, 1, 1.75],
			"scale": [0.5, 0.5, 0.5]
		},
		"thirdperson_lefthand": {
			"rotation": [-138, 47.78, -163.57],
			"translation": [5.75, -1.25, 4.5],
			"scale": [0.8, 0.8, 0.8]
		},
		"firstperson_righthand": {
			"rotation": [-73.44, -86.12, -50.09],
			"translation": [0.25, 2.75, 1.5],
			"scale": [0.5, 0.5, 0.5]
		},
		"firstperson_lefthand": {
			"rotation": [44.51, 80.58, -69.23],
			"translation": [0.25, 2.75, 1.75],
			"scale": [0.5, 0.5, 0.5]
		},
		"ground": {
			"scale": [0.5, 0.5, 0.5]
		},
		"head": {
			"rotation": [0, -90, 0],
			"translation": [0, 11.25, 13.25]
		}
	}
}